"promptId","imageId","title","original","thumb400","thumb800"
"pr_1","pr_1","Cinematic Romantic Letter","https://notesapp-ed63a.web.app/prompts/original/pr_1.webp","https://notesapp-ed63a.web.app/prompts/thumbnails/pr_1.webp","https://notesapp-ed63a.web.app/prompts/thumbnails@2x/pr_1.webp"
"pr_2","pr_2","Digital Painting Portrait","https://notesapp-ed63a.web.app/prompts/original/pr_2.webp","https://notesapp-ed63a.web.app/prompts/thumbnails/pr_2.webp","https://notesapp-ed63a.web.app/prompts/thumbnails@2x/pr_2.webp"
"pr_3","pr_3","Cinematic Instagram Profile","https://notesapp-ed63a.web.app/prompts/original/pr_3.webp","https://notesapp-ed63a.web.app/prompts/thumbnails/pr_3.webp","https://notesapp-ed63a.web.app/prompts/thumbnails@2x/pr_3.webp"
"pr_3","pr_3_alt","Cinematic Instagram Profile","https://notesapp-ed63a.web.app/prompts/original/pr_3_alt.webp","https://notesapp-ed63a.web.app/prompts/thumbnails/pr_3_alt.webp","https://notesapp-ed63a.web.app/prompts/thumbnails@2x/pr_3_alt.webp"
"pr_4","pr_4","Cinematic Bike Portrait","https://notesapp-ed63a.web.app/prompts/original/pr_4.webp","https://notesapp-ed63a.web.app/prompts/thumbnails/pr_4.webp","https://notesapp-ed63a.web.app/prompts/thumbnails@2x/pr_4.webp"
"pr_5","pr_5","Cinematic Name Portrait","https://notesapp-ed63a.web.app/prompts/original/pr_5.webp","https://notesapp-ed63a.web.app/prompts/thumbnails/pr_5.webp","https://notesapp-ed63a.web.app/prompts/thumbnails@2x/pr_5.webp"
"pr_5","pr_5_alt","Cinematic Name Portrait","https://notesapp-ed63a.web.app/prompts/original/pr_5_alt.webp","https://notesapp-ed63a.web.app/prompts/thumbnails/pr_5_alt.webp","https://notesapp-ed63a.web.app/prompts/thumbnails@2x/pr_5_alt.webp"
"pr_8","pr_8","Premium Urban Streetwear","https://notesapp-ed63a.web.app/prompts/original/pr_8.webp","https://notesapp-ed63a.web.app/prompts/thumbnails/pr_8.webp","https://notesapp-ed63a.web.app/prompts/thumbnails@2x/pr_8.webp"
"pr_9","pr_9","Dreamy Scrapbook-Style","https://notesapp-ed63a.web.app/prompts/original/pr_9.webp","https://notesapp-ed63a.web.app/prompts/thumbnails/pr_9.webp","https://notesapp-ed63a.web.app/prompts/thumbnails@2x/pr_9.webp"
"pr_9","pr_9_alt","Dreamy Scrapbook-Style","https://notesapp-ed63a.web.app/prompts/original/pr_9_alt.webp","https://notesapp-ed63a.web.app/prompts/thumbnails/pr_9_alt.webp","https://notesapp-ed63a.web.app/prompts/thumbnails@2x/pr_9_alt.webp"
"pr_10","pr_10","Magical Beach Scene","https://notesapp-ed63a.web.app/prompts/original/pr_10.webp","https://notesapp-ed63a.web.app/prompts/thumbnails/pr_10.webp","https://notesapp-ed63a.web.app/prompts/thumbnails@2x/pr_10.webp"
"pr_11","pr_11","Dreamy Aesthetic Collage","https://notesapp-ed63a.web.app/prompts/original/pr_11.webp","https://notesapp-ed63a.web.app/prompts/thumbnails/pr_11.webp","https://notesapp-ed63a.web.app/prompts/thumbnails@2x/pr_11.webp"
"pr_12","pr_12","Vintage Public Bus","https://notesapp-ed63a.web.app/prompts/original/pr_12.webp","https://notesapp-ed63a.web.app/prompts/thumbnails/pr_12.webp","https://notesapp-ed63a.web.app/prompts/thumbnails@2x/pr_12.webp"
"pr_13","pr_13","Divine Indian Couple","https://notesapp-ed63a.web.app/prompts/original/pr_13.webp","https://notesapp-ed63a.web.app/prompts/thumbnails/pr_13.webp","https://notesapp-ed63a.web.app/prompts/thumbnails@2x/pr_13.webp"
"pr_14","pr_14","Cinematic Couple Photoshoot","https://notesapp-ed63a.web.app/prompts/original/pr_14.webp","https://notesapp-ed63a.web.app/prompts/thumbnails/pr_14.webp","https://notesapp-ed63a.web.app/prompts/thumbnails@2x/pr_14.webp"
"pr_15","pr_15","Divine Lord Shiva Devotional Portrait","https://notesapp-ed63a.web.app/prompts/original/pr_15.webp","https://notesapp-ed63a.web.app/prompts/thumbnails/pr_15.webp","https://notesapp-ed63a.web.app/prompts/thumbnails@2x/pr_15.webp"
"pr_15","pr_15_alt","Divine Lord Shiva Devotional Portrait","https://notesapp-ed63a.web.app/prompts/original/pr_15_alt.webp","https://notesapp-ed63a.web.app/prompts/thumbnails/pr_15_alt.webp","https://notesapp-ed63a.web.app/prompts/thumbnails@2x/pr_15_alt.webp"
"pr_15","pr_15_alt2","Divine Lord Shiva Devotional Portrait","https://notesapp-ed63a.web.app/prompts/original/pr_15_alt2.webp","https://notesapp-ed63a.web.app/prompts/thumbnails/pr_15_alt2.webp","https://notesapp-ed63a.web.app/prompts/thumbnails@2x/pr_15_alt2.webp"
"pr_16","pr_16","Cinematic South Indian Wedding Poster","https://notesapp-ed63a.web.app/prompts/original/pr_16.webp","https://notesapp-ed63a.web.app/prompts/thumbnails/pr_16.webp","https://notesapp-ed63a.web.app/prompts/thumbnails@2x/pr_16.webp"
"pr_17","pr_17","Cinematic Romantic Scrapbook Love Poster","https://notesapp-ed63a.web.app/prompts/original/pr_17.webp","https://notesapp-ed63a.web.app/prompts/thumbnails/pr_17.webp","https://notesapp-ed63a.web.app/prompts/thumbnails@2x/pr_17.webp"
"pr_18","pr_18","Cinematic Giant Rooftop Couple Billboard Portrait","https://notesapp-ed63a.web.app/prompts/original/pr_18.webp","https://notesapp-ed63a.web.app/prompts/thumbnails/pr_18.webp","https://notesapp-ed63a.web.app/prompts/thumbnails@2x/pr_18.webp"
"pr_19","pr_19","Romantic Tamil Couple Illustration","https://notesapp-ed63a.web.app/prompts/original/pr_19.webp","https://notesapp-ed63a.web.app/prompts/thumbnails/pr_19.webp","https://notesapp-ed63a.web.app/prompts/thumbnails@2x/pr_19.webp"
"pr_20","pr_20","Cinematic Love Portrait #03","https://notesapp-ed63a.web.app/prompts/original/pr_20.webp","https://notesapp-ed63a.web.app/prompts/thumbnails/pr_20.webp","https://notesapp-ed63a.web.app/prompts/thumbnails@2x/pr_20.webp"
"pr_21","pr_21","Cinematic Golden Quote Poster","https://notesapp-ed63a.web.app/prompts/original/pr_21.webp","https://notesapp-ed63a.web.app/prompts/thumbnails/pr_21.webp","https://notesapp-ed63a.web.app/prompts/thumbnails@2x/pr_21.webp"
"pr_22","pr_22","Romantic Couple Night Portrait","https://notesapp-ed63a.web.app/prompts/original/pr_22.webp","https://notesapp-ed63a.web.app/prompts/thumbnails/pr_22.webp","https://notesapp-ed63a.web.app/prompts/thumbnails@2x/pr_22.webp"
"pr_23","pr_23","Pixar 3D Cinematic Poster","https://notesapp-ed63a.web.app/prompts/original/pr_23.webp","https://notesapp-ed63a.web.app/prompts/thumbnails/pr_23.webp","https://notesapp-ed63a.web.app/prompts/thumbnails@2x/pr_23.webp"
"pr_24","pr_24","Makoto Shinkai Style Anime Artwork","https://notesapp-ed63a.web.app/prompts/original/pr_24.webp","https://notesapp-ed63a.web.app/prompts/thumbnails/pr_24.webp","https://notesapp-ed63a.web.app/prompts/thumbnails@2x/pr_24.webp"
"pr_25","pr_25","Aesthetic Rainy Season College Portrait","https://notesapp-ed63a.web.app/prompts/original/pr_25.webp","https://notesapp-ed63a.web.app/prompts/thumbnails/pr_25.webp","https://notesapp-ed63a.web.app/prompts/thumbnails@2x/pr_25.webp"
"pr_26","pr_26","Playful Double Bun Friendship Portrait","https://notesapp-ed63a.web.app/prompts/original/pr_26.webp","https://notesapp-ed63a.web.app/prompts/thumbnails/pr_26.webp","https://notesapp-ed63a.web.app/prompts/thumbnails@2x/pr_26.webp"
"pr_27","pr_27","Traditional Orange & Gold Lehenga Portrait","https://notesapp-ed63a.web.app/prompts/original/pr_27.webp","https://notesapp-ed63a.web.app/prompts/thumbnails/pr_27.webp","https://notesapp-ed63a.web.app/prompts/thumbnails@2x/pr_27.webp"
"pr_28","pr_28","Cinematic Women Portrait #14","https://notesapp-ed63a.web.app/prompts/original/pr_28.webp","https://notesapp-ed63a.web.app/prompts/thumbnails/pr_28.webp","https://notesapp-ed63a.web.app/prompts/thumbnails@2x/pr_28.webp"
"pr_29","pr_29","Fashion Collage Layout","https://notesapp-ed63a.web.app/prompts/original/pr_29.webp","https://notesapp-ed63a.web.app/prompts/thumbnails/pr_29.webp","https://notesapp-ed63a.web.app/prompts/thumbnails@2x/pr_29.webp"
"pr_30","pr_30","South Indian Vintage Bicycle Portrait","https://notesapp-ed63a.web.app/prompts/original/pr_30.webp","https://notesapp-ed63a.web.app/prompts/thumbnails/pr_30.webp","https://notesapp-ed63a.web.app/prompts/thumbnails@2x/pr_30.webp"
"pr_31","pr_31","Cinematic Face-Swap Scene","https://notesapp-ed63a.web.app/prompts/original/pr_31.webp","https://notesapp-ed63a.web.app/prompts/thumbnails/pr_31.webp","https://notesapp-ed63a.web.app/prompts/thumbnails@2x/pr_31.webp"
"pr_32","pr_32","South Indian Bridal Portrait","https://notesapp-ed63a.web.app/prompts/original/pr_32.webp","https://notesapp-ed63a.web.app/prompts/thumbnails/pr_32.webp","https://notesapp-ed63a.web.app/prompts/thumbnails@2x/pr_32.webp"
"pr_33","pr_33","Cinematic Golden Hour Village Couple Portrait","https://notesapp-ed63a.web.app/prompts/original/pr_33.webp","https://notesapp-ed63a.web.app/prompts/thumbnails/pr_33.webp","https://notesapp-ed63a.web.app/prompts/thumbnails@2x/pr_33.webp"
"pr_34","pr_34","Cinematic Women Portrait #13","https://notesapp-ed63a.web.app/prompts/original/pr_34.webp","https://notesapp-ed63a.web.app/prompts/thumbnails/pr_34.webp","https://notesapp-ed63a.web.app/prompts/thumbnails@2x/pr_34.webp"
"pr_35","pr_35","Cinematic Love Digital Painting Poster","https://notesapp-ed63a.web.app/prompts/original/pr_35.webp","https://notesapp-ed63a.web.app/prompts/thumbnails/pr_35.webp","https://notesapp-ed63a.web.app/prompts/thumbnails@2x/pr_35.webp"
"pr_36","pr_36","Romantic Watercolor Splash Couple Portrait","https://notesapp-ed63a.web.app/prompts/original/pr_36.webp","https://notesapp-ed63a.web.app/prompts/thumbnails/pr_36.webp","https://notesapp-ed63a.web.app/prompts/thumbnails@2x/pr_36.webp"
"pr_37","pr_37","Cinematic Couple Portrait #28","https://notesapp-ed63a.web.app/prompts/original/pr_37.webp","https://notesapp-ed63a.web.app/prompts/thumbnails/pr_37.webp","https://notesapp-ed63a.web.app/prompts/thumbnails@2x/pr_37.webp"
"pr_38","pr_38","Cinematic Fairy Light Tunnel Portrait","https://notesapp-ed63a.web.app/prompts/original/pr_38.webp","https://notesapp-ed63a.web.app/prompts/thumbnails/pr_38.webp","https://notesapp-ed63a.web.app/prompts/thumbnails@2x/pr_38.webp"
"pr_39","pr_39","Cinematic Women Prompt #03","https://notesapp-ed63a.web.app/prompts/original/pr_39.webp","https://notesapp-ed63a.web.app/prompts/thumbnails/pr_39.webp","https://notesapp-ed63a.web.app/prompts/thumbnails@2x/pr_39.webp"
"pr_40","pr_40","Playful Flour Couple Kitchen Moment (exact Pose Preservation)","https://notesapp-ed63a.web.app/prompts/original/pr_40.webp","https://notesapp-ed63a.web.app/prompts/thumbnails/pr_40.webp","https://notesapp-ed63a.web.app/prompts/thumbnails@2x/pr_40.webp"
"pr_41","pr_41","Cinematic Couple Prompt #03","https://notesapp-ed63a.web.app/prompts/original/pr_41.webp","https://notesapp-ed63a.web.app/prompts/thumbnails/pr_41.webp","https://notesapp-ed63a.web.app/prompts/thumbnails@2x/pr_41.webp"
"pr_42","pr_42","Cinematic Women Prompt #02","https://notesapp-ed63a.web.app/prompts/original/pr_42.webp","https://notesapp-ed63a.web.app/prompts/thumbnails/pr_42.webp","https://notesapp-ed63a.web.app/prompts/thumbnails@2x/pr_42.webp"
"pr_43","pr_43","Cinematic Women Prompt","https://notesapp-ed63a.web.app/prompts/original/pr_43.webp","https://notesapp-ed63a.web.app/prompts/thumbnails/pr_43.webp","https://notesapp-ed63a.web.app/prompts/thumbnails@2x/pr_43.webp"
"pr_44","pr_44","Cinematic Women Portrait #12","https://notesapp-ed63a.web.app/prompts/original/pr_44.webp","https://notesapp-ed63a.web.app/prompts/thumbnails/pr_44.webp","https://notesapp-ed63a.web.app/prompts/thumbnails@2x/pr_44.webp"
"pr_45","pr_45","Cinematic Men Portrait #12","https://notesapp-ed63a.web.app/prompts/original/pr_45.webp","https://notesapp-ed63a.web.app/prompts/thumbnails/pr_45.webp","https://notesapp-ed63a.web.app/prompts/thumbnails@2x/pr_45.webp"
"pr_46","pr_46","Cinematic Couple Prompt #02","https://notesapp-ed63a.web.app/prompts/original/pr_46.webp","https://notesapp-ed63a.web.app/prompts/thumbnails/pr_46.webp","https://notesapp-ed63a.web.app/prompts/thumbnails@2x/pr_46.webp"
"pr_47","pr_47","Traditional Royal Temple Portrait Generator","https://notesapp-ed63a.web.app/prompts/original/pr_47.webp","https://notesapp-ed63a.web.app/prompts/thumbnails/pr_47.webp","https://notesapp-ed63a.web.app/prompts/thumbnails@2x/pr_47.webp"
"pr_48","pr_48","Cinematic Fashion Portrait #02","https://notesapp-ed63a.web.app/prompts/original/pr_48.webp","https://notesapp-ed63a.web.app/prompts/thumbnails/pr_48.webp","https://notesapp-ed63a.web.app/prompts/thumbnails@2x/pr_48.webp"
"pr_49","pr_49","Cinematic Couple Prompt","https://notesapp-ed63a.web.app/prompts/original/pr_49.webp","https://notesapp-ed63a.web.app/prompts/thumbnails/pr_49.webp","https://notesapp-ed63a.web.app/prompts/thumbnails@2x/pr_49.webp"
"pr_50","pr_50","Cinematic South Indian Romantic Couple Portrait Generator","https://notesapp-ed63a.web.app/prompts/original/pr_50.webp","https://notesapp-ed63a.web.app/prompts/thumbnails/pr_50.webp","https://notesapp-ed63a.web.app/prompts/thumbnails@2x/pr_50.webp"
"pr_51","pr_51","Cinematic Mirror Reflection Portrait Generator","https://notesapp-ed63a.web.app/prompts/original/pr_51.webp","https://notesapp-ed63a.web.app/prompts/thumbnails/pr_51.webp","https://notesapp-ed63a.web.app/prompts/thumbnails@2x/pr_51.webp"
"pr_52","pr_52","Cinematic Nature Portrait Generator","https://notesapp-ed63a.web.app/prompts/original/pr_52.webp","https://notesapp-ed63a.web.app/prompts/thumbnails/pr_52.webp","https://notesapp-ed63a.web.app/prompts/thumbnails@2x/pr_52.webp"
"pr_53","pr_53","Cinematic Couple Portrait #27","https://notesapp-ed63a.web.app/prompts/original/pr_53.webp","https://notesapp-ed63a.web.app/prompts/thumbnails/pr_53.webp","https://notesapp-ed63a.web.app/prompts/thumbnails@2x/pr_53.webp"
"pr_54","pr_54","Cinematic Women Portrait #11","https://notesapp-ed63a.web.app/prompts/original/pr_54.webp","https://notesapp-ed63a.web.app/prompts/thumbnails/pr_54.webp","https://notesapp-ed63a.web.app/prompts/thumbnails@2x/pr_54.webp"
"pr_55","pr_55","Cinematic Artistic Portrait #04","https://notesapp-ed63a.web.app/prompts/original/pr_55.webp","https://notesapp-ed63a.web.app/prompts/thumbnails/pr_55.webp","https://notesapp-ed63a.web.app/prompts/thumbnails@2x/pr_55.webp"
"pr_56","pr_56","Cinematic Couple Portrait #26","https://notesapp-ed63a.web.app/prompts/original/pr_56.webp","https://notesapp-ed63a.web.app/prompts/thumbnails/pr_56.webp","https://notesapp-ed63a.web.app/prompts/thumbnails@2x/pr_56.webp"
"pr_57","pr_57","Cinematic Couple Portrait #25","https://notesapp-ed63a.web.app/prompts/original/pr_57.webp","https://notesapp-ed63a.web.app/prompts/thumbnails/pr_57.webp","https://notesapp-ed63a.web.app/prompts/thumbnails@2x/pr_57.webp"
"pr_58","pr_58","Cinematic Couple Portrait #24","https://notesapp-ed63a.web.app/prompts/original/pr_58.webp","https://notesapp-ed63a.web.app/prompts/thumbnails/pr_58.webp","https://notesapp-ed63a.web.app/prompts/thumbnails@2x/pr_58.webp"
"pr_59","pr_59","Cinematic Women Portrait #10","https://notesapp-ed63a.web.app/prompts/original/pr_59.webp","https://notesapp-ed63a.web.app/prompts/thumbnails/pr_59.webp","https://notesapp-ed63a.web.app/prompts/thumbnails@2x/pr_59.webp"
"pr_60","pr_60","Cinematic Couple Portrait #23","https://notesapp-ed63a.web.app/prompts/original/pr_60.webp","https://notesapp-ed63a.web.app/prompts/thumbnails/pr_60.webp","https://notesapp-ed63a.web.app/prompts/thumbnails@2x/pr_60.webp"
"pr_61","pr_61","Cinematic Couple Portrait #22","https://notesapp-ed63a.web.app/prompts/original/pr_61.webp","https://notesapp-ed63a.web.app/prompts/thumbnails/pr_61.webp","https://notesapp-ed63a.web.app/prompts/thumbnails@2x/pr_61.webp"
"pr_62","pr_62","Cinematic 3D Render Prompt","https://notesapp-ed63a.web.app/prompts/original/pr_62.webp","https://notesapp-ed63a.web.app/prompts/thumbnails/pr_62.webp","https://notesapp-ed63a.web.app/prompts/thumbnails@2x/pr_62.webp"
"pr_63","pr_63","Cinematic Women Portrait #09","https://notesapp-ed63a.web.app/prompts/original/pr_63.webp","https://notesapp-ed63a.web.app/prompts/thumbnails/pr_63.webp","https://notesapp-ed63a.web.app/prompts/thumbnails@2x/pr_63.webp"
"pr_64","pr_64","Cinematic Kids Portrait #02","https://notesapp-ed63a.web.app/prompts/original/pr_64.webp","https://notesapp-ed63a.web.app/prompts/thumbnails/pr_64.webp","https://notesapp-ed63a.web.app/prompts/thumbnails@2x/pr_64.webp"
"pr_65","pr_65","Cinematic Women Portrait #08","https://notesapp-ed63a.web.app/prompts/original/pr_65.webp","https://notesapp-ed63a.web.app/prompts/thumbnails/pr_65.webp","https://notesapp-ed63a.web.app/prompts/thumbnails@2x/pr_65.webp"
"pr_66","pr_66","Cinematic Kids Portrait","https://notesapp-ed63a.web.app/prompts/original/pr_66.webp","https://notesapp-ed63a.web.app/prompts/thumbnails/pr_66.webp","https://notesapp-ed63a.web.app/prompts/thumbnails@2x/pr_66.webp"
"pr_67","pr_67","Cinematic Women Portrait #07","https://notesapp-ed63a.web.app/prompts/original/pr_67.webp","https://notesapp-ed63a.web.app/prompts/thumbnails/pr_67.webp","https://notesapp-ed63a.web.app/prompts/thumbnails@2x/pr_67.webp"
"pr_68","pr_68","Cinematic Men Portrait #11","https://notesapp-ed63a.web.app/prompts/original/pr_68.webp","https://notesapp-ed63a.web.app/prompts/thumbnails/pr_68.webp","https://notesapp-ed63a.web.app/prompts/thumbnails@2x/pr_68.webp"
"pr_68","pr_68_alt","Cinematic Men Portrait #11","https://notesapp-ed63a.web.app/prompts/original/pr_68_alt.webp","https://notesapp-ed63a.web.app/prompts/thumbnails/pr_68_alt.webp","https://notesapp-ed63a.web.app/prompts/thumbnails@2x/pr_68_alt.webp"
"pr_69","pr_69","Cinematic Couple Portrait #21","https://notesapp-ed63a.web.app/prompts/original/pr_69.webp","https://notesapp-ed63a.web.app/prompts/thumbnails/pr_69.webp","https://notesapp-ed63a.web.app/prompts/thumbnails@2x/pr_69.webp"
"pr_71","pr_71","Cinematic Couple Portrait #19","https://notesapp-ed63a.web.app/prompts/original/pr_71.webp","https://notesapp-ed63a.web.app/prompts/thumbnails/pr_71.webp","https://notesapp-ed63a.web.app/prompts/thumbnails@2x/pr_71.webp"
"pr_72","pr_72","Cinematic Men Portrait #10","https://notesapp-ed63a.web.app/prompts/original/pr_72.webp","https://notesapp-ed63a.web.app/prompts/thumbnails/pr_72.webp","https://notesapp-ed63a.web.app/prompts/thumbnails@2x/pr_72.webp"
"pr_73","pr_73","Cinematic Couple Portrait #18","https://notesapp-ed63a.web.app/prompts/original/pr_73.webp","https://notesapp-ed63a.web.app/prompts/thumbnails/pr_73.webp","https://notesapp-ed63a.web.app/prompts/thumbnails@2x/pr_73.webp"
"pr_74","pr_74","Cinematic Artistic Portrait #03","https://notesapp-ed63a.web.app/prompts/original/pr_74.webp","https://notesapp-ed63a.web.app/prompts/thumbnails/pr_74.webp","https://notesapp-ed63a.web.app/prompts/thumbnails@2x/pr_74.webp"
"pr_75","pr_75","Cinematic Men Portrait #09","https://notesapp-ed63a.web.app/prompts/original/pr_75.webp","https://notesapp-ed63a.web.app/prompts/thumbnails/pr_75.webp","https://notesapp-ed63a.web.app/prompts/thumbnails@2x/pr_75.webp"
"pr_76","pr_76","Cinematic Men Portrait #08","https://notesapp-ed63a.web.app/prompts/original/pr_76.webp","https://notesapp-ed63a.web.app/prompts/thumbnails/pr_76.webp","https://notesapp-ed63a.web.app/prompts/thumbnails@2x/pr_76.webp"
"pr_77","pr_77","Cinematic Men Portrait #07","https://notesapp-ed63a.web.app/prompts/original/pr_77.webp","https://notesapp-ed63a.web.app/prompts/thumbnails/pr_77.webp","https://notesapp-ed63a.web.app/prompts/thumbnails@2x/pr_77.webp"
"pr_78","pr_78","Cinematic Couple Portrait #17","https://notesapp-ed63a.web.app/prompts/original/pr_78.webp","https://notesapp-ed63a.web.app/prompts/thumbnails/pr_78.webp","https://notesapp-ed63a.web.app/prompts/thumbnails@2x/pr_78.webp"
"pr_79","pr_79","Cinematic Couple Portrait #16","https://notesapp-ed63a.web.app/prompts/original/pr_79.webp","https://notesapp-ed63a.web.app/prompts/thumbnails/pr_79.webp","https://notesapp-ed63a.web.app/prompts/thumbnails@2x/pr_79.webp"
"pr_80","pr_80","Women Prompt","https://notesapp-ed63a.web.app/prompts/original/pr_80.webp","https://notesapp-ed63a.web.app/prompts/thumbnails/pr_80.webp","https://notesapp-ed63a.web.app/prompts/thumbnails@2x/pr_80.webp"
"pr_82","pr_82","Cinematic Couple Portrait #15","https://notesapp-ed63a.web.app/prompts/original/pr_82.webp","https://notesapp-ed63a.web.app/prompts/thumbnails/pr_82.webp","https://notesapp-ed63a.web.app/prompts/thumbnails@2x/pr_82.webp"
"pr_83","pr_83","Cinematic Couple Portrait #14","https://notesapp-ed63a.web.app/prompts/original/pr_83.webp","https://notesapp-ed63a.web.app/prompts/thumbnails/pr_83.webp","https://notesapp-ed63a.web.app/prompts/thumbnails@2x/pr_83.webp"
"pr_84","pr_84","Cinematic Men Portrait #06","https://notesapp-ed63a.web.app/prompts/original/pr_84.webp","https://notesapp-ed63a.web.app/prompts/thumbnails/pr_84.webp","https://notesapp-ed63a.web.app/prompts/thumbnails@2x/pr_84.webp"
"pr_85","pr_85","Cinematic Artistic Portrait","https://notesapp-ed63a.web.app/prompts/original/pr_85.webp","https://notesapp-ed63a.web.app/prompts/thumbnails/pr_85.webp","https://notesapp-ed63a.web.app/prompts/thumbnails@2x/pr_85.webp"
"pr_86","pr_86","Cinematic Couple Portrait #13","https://notesapp-ed63a.web.app/prompts/original/pr_86.webp","https://notesapp-ed63a.web.app/prompts/thumbnails/pr_86.webp","https://notesapp-ed63a.web.app/prompts/thumbnails@2x/pr_86.webp"
"pr_87","pr_87","Cinematic Men Portrait #05","https://notesapp-ed63a.web.app/prompts/original/pr_87.webp","https://notesapp-ed63a.web.app/prompts/thumbnails/pr_87.webp","https://notesapp-ed63a.web.app/prompts/thumbnails@2x/pr_87.webp"
"pr_88","pr_88","Cinematic Fashion Portrait","https://notesapp-ed63a.web.app/prompts/original/pr_88.webp","https://notesapp-ed63a.web.app/prompts/thumbnails/pr_88.webp","https://notesapp-ed63a.web.app/prompts/thumbnails@2x/pr_88.webp"
"pr_89","pr_89","Cinematic Couple Portrait #12","https://notesapp-ed63a.web.app/prompts/original/pr_89.webp","https://notesapp-ed63a.web.app/prompts/thumbnails/pr_89.webp","https://notesapp-ed63a.web.app/prompts/thumbnails@2x/pr_89.webp"
"pr_90","pr_90","Cinematic Couple Portrait #11","https://notesapp-ed63a.web.app/prompts/original/pr_90.webp","https://notesapp-ed63a.web.app/prompts/thumbnails/pr_90.webp","https://notesapp-ed63a.web.app/prompts/thumbnails@2x/pr_90.webp"
"pr_91","pr_91","Cinematic Men Portrait #04","https://notesapp-ed63a.web.app/prompts/original/pr_91.webp","https://notesapp-ed63a.web.app/prompts/thumbnails/pr_91.webp","https://notesapp-ed63a.web.app/prompts/thumbnails@2x/pr_91.webp"
"pr_92","pr_92","Cinematic Couple Portrait #10","https://notesapp-ed63a.web.app/prompts/original/pr_92.webp","https://notesapp-ed63a.web.app/prompts/thumbnails/pr_92.webp","https://notesapp-ed63a.web.app/prompts/thumbnails@2x/pr_92.webp"
"pr_93","pr_93","Cinematic Couple Portrait #09","https://notesapp-ed63a.web.app/prompts/original/pr_93.webp","https://notesapp-ed63a.web.app/prompts/thumbnails/pr_93.webp","https://notesapp-ed63a.web.app/prompts/thumbnails@2x/pr_93.webp"
"pr_94","pr_94","Cinematic Women Portrait #06","https://notesapp-ed63a.web.app/prompts/original/pr_94.webp","https://notesapp-ed63a.web.app/prompts/thumbnails/pr_94.webp","https://notesapp-ed63a.web.app/prompts/thumbnails@2x/pr_94.webp"
"pr_95","pr_95","Cinematic Couple Portrait #08","https://notesapp-ed63a.web.app/prompts/original/pr_95.webp","https://notesapp-ed63a.web.app/prompts/thumbnails/pr_95.webp","https://notesapp-ed63a.web.app/prompts/thumbnails@2x/pr_95.webp"
"pr_96","pr_96","Cinematic Collage Portrait","https://notesapp-ed63a.web.app/prompts/original/pr_96.webp","https://notesapp-ed63a.web.app/prompts/thumbnails/pr_96.webp","https://notesapp-ed63a.web.app/prompts/thumbnails@2x/pr_96.webp"
"pr_97","pr_97","Cinematic Couple Portrait #07","https://notesapp-ed63a.web.app/prompts/original/pr_97.webp","https://notesapp-ed63a.web.app/prompts/thumbnails/pr_97.webp","https://notesapp-ed63a.web.app/prompts/thumbnails@2x/pr_97.webp"
"pr_98","pr_98","Cinematic Couple Portrait #06","https://notesapp-ed63a.web.app/prompts/original/pr_98.webp","https://notesapp-ed63a.web.app/prompts/thumbnails/pr_98.webp","https://notesapp-ed63a.web.app/prompts/thumbnails@2x/pr_98.webp"
"pr_99","pr_99","Cinematic Couple Portrait #05","https://notesapp-ed63a.web.app/prompts/original/pr_99.webp","https://notesapp-ed63a.web.app/prompts/thumbnails/pr_99.webp","https://notesapp-ed63a.web.app/prompts/thumbnails@2x/pr_99.webp"
"pr_100","pr_100","Cinematic Couple Portrait #04","https://notesapp-ed63a.web.app/prompts/original/pr_100.webp","https://notesapp-ed63a.web.app/prompts/thumbnails/pr_100.webp","https://notesapp-ed63a.web.app/prompts/thumbnails@2x/pr_100.webp"
"pr_101","pr_101","Cinematic Love Portrait #02","https://notesapp-ed63a.web.app/prompts/original/pr_101.webp","https://notesapp-ed63a.web.app/prompts/thumbnails/pr_101.webp","https://notesapp-ed63a.web.app/prompts/thumbnails@2x/pr_101.webp"
"pr_102","pr_102","Cinematic Love Portrait","https://notesapp-ed63a.web.app/prompts/original/pr_102.webp","https://notesapp-ed63a.web.app/prompts/thumbnails/pr_102.webp","https://notesapp-ed63a.web.app/prompts/thumbnails@2x/pr_102.webp"
"pr_103","pr_103","Cinematic Men Portrait #03","https://notesapp-ed63a.web.app/prompts/original/pr_103.webp","https://notesapp-ed63a.web.app/prompts/thumbnails/pr_103.webp","https://notesapp-ed63a.web.app/prompts/thumbnails@2x/pr_103.webp"
"pr_104","pr_104","Cinematic Women Portrait #05","https://notesapp-ed63a.web.app/prompts/original/pr_104.webp","https://notesapp-ed63a.web.app/prompts/thumbnails/pr_104.webp","https://notesapp-ed63a.web.app/prompts/thumbnails@2x/pr_104.webp"
"pr_105","pr_105","Cinematic Women Portrait #04","https://notesapp-ed63a.web.app/prompts/original/pr_105.webp","https://notesapp-ed63a.web.app/prompts/thumbnails/pr_105.webp","https://notesapp-ed63a.web.app/prompts/thumbnails@2x/pr_105.webp"
"pr_106","pr_106","Cinematic Couple Portrait #03","https://notesapp-ed63a.web.app/prompts/original/pr_106.webp","https://notesapp-ed63a.web.app/prompts/thumbnails/pr_106.webp","https://notesapp-ed63a.web.app/prompts/thumbnails@2x/pr_106.webp"
"pr_107","pr_107","Cinematic Men Portrait #02","https://notesapp-ed63a.web.app/prompts/original/pr_107.webp","https://notesapp-ed63a.web.app/prompts/thumbnails/pr_107.webp","https://notesapp-ed63a.web.app/prompts/thumbnails@2x/pr_107.webp"
"pr_108","pr_108","Cinematic Women Portrait #03","https://notesapp-ed63a.web.app/prompts/original/pr_108.webp","https://notesapp-ed63a.web.app/prompts/thumbnails/pr_108.webp","https://notesapp-ed63a.web.app/prompts/thumbnails@2x/pr_108.webp"
"pr_109","pr_109","Cinematic Men Portrait","https://notesapp-ed63a.web.app/prompts/original/pr_109.webp","https://notesapp-ed63a.web.app/prompts/thumbnails/pr_109.webp","https://notesapp-ed63a.web.app/prompts/thumbnails@2x/pr_109.webp"
"pr_110","pr_110","Cinematic Women Portrait #02","https://notesapp-ed63a.web.app/prompts/original/pr_110.webp","https://notesapp-ed63a.web.app/prompts/thumbnails/pr_110.webp","https://notesapp-ed63a.web.app/prompts/thumbnails@2x/pr_110.webp"
"pr_111","pr_111","Cinematic Couple Portrait #02","https://notesapp-ed63a.web.app/prompts/original/pr_111.webp","https://notesapp-ed63a.web.app/prompts/thumbnails/pr_111.webp","https://notesapp-ed63a.web.app/prompts/thumbnails@2x/pr_111.webp"
"pr_112","pr_112","Cinematic Women Portrait","https://notesapp-ed63a.web.app/prompts/original/pr_112.webp","https://notesapp-ed63a.web.app/prompts/thumbnails/pr_112.webp","https://notesapp-ed63a.web.app/prompts/thumbnails@2x/pr_112.webp"
"pr_113","pr_113","Cinematic Couple Portrait","https://notesapp-ed63a.web.app/prompts/original/pr_113.webp","https://notesapp-ed63a.web.app/prompts/thumbnails/pr_113.webp","https://notesapp-ed63a.web.app/prompts/thumbnails@2x/pr_113.webp"
"pr_114","pr_114","Temple pooja clicks","https://notesapp-ed63a.web.app/prompts/original/pr_114.webp","https://notesapp-ed63a.web.app/prompts/thumbnails/pr_114.webp","https://notesapp-ed63a.web.app/prompts/thumbnails@2x/pr_114.webp"
"pr_115","pr_115","Couple Romantic Prompt","https://notesapp-ed63a.web.app/prompts/original/pr_115.webp","https://notesapp-ed63a.web.app/prompts/thumbnails/pr_115.webp","https://notesapp-ed63a.web.app/prompts/thumbnails@2x/pr_115.webp"
"pr_116","pr_116","Women Playing Prompt","https://notesapp-ed63a.web.app/prompts/original/pr_116.webp","https://notesapp-ed63a.web.app/prompts/thumbnails/pr_116.webp","https://notesapp-ed63a.web.app/prompts/thumbnails@2x/pr_116.webp"
"pr_117","pr_117","Girl with holly vibe","https://notesapp-ed63a.web.app/prompts/original/pr_117.webp","https://notesapp-ed63a.web.app/prompts/thumbnails/pr_117.webp","https://notesapp-ed63a.web.app/prompts/thumbnails@2x/pr_117.webp"
"pr_118","pr_118","Baby with dhosti","https://notesapp-ed63a.web.app/prompts/original/pr_118.webp","https://notesapp-ed63a.web.app/prompts/thumbnails/pr_118.webp","https://notesapp-ed63a.web.app/prompts/thumbnails@2x/pr_118.webp"
"pr_119","pr_119","Cute kids prompts","https://notesapp-ed63a.web.app/prompts/original/pr_119.webp","https://notesapp-ed63a.web.app/prompts/thumbnails/pr_119.webp","https://notesapp-ed63a.web.app/prompts/thumbnails@2x/pr_119.webp"
"pr_120","pr_120","Nursing girl prompt","https://notesapp-ed63a.web.app/prompts/original/pr_120.webp","https://notesapp-ed63a.web.app/prompts/thumbnails/pr_120.webp","https://notesapp-ed63a.web.app/prompts/thumbnails@2x/pr_120.webp"
"pr_121","pr_121","Couple prompts 02","https://notesapp-ed63a.web.app/prompts/original/pr_121.webp","https://notesapp-ed63a.web.app/prompts/thumbnails/pr_121.webp","https://notesapp-ed63a.web.app/prompts/thumbnails@2x/pr_121.webp"
"pr_122","pr_122","Couples prompt 03","https://notesapp-ed63a.web.app/prompts/original/pr_122.webp","https://notesapp-ed63a.web.app/prompts/thumbnails/pr_122.webp","https://notesapp-ed63a.web.app/prompts/thumbnails@2x/pr_122.webp"
"pr_123","pr_123","Couple prompts 04","https://notesapp-ed63a.web.app/prompts/original/pr_123.webp","https://notesapp-ed63a.web.app/prompts/thumbnails/pr_123.webp","https://notesapp-ed63a.web.app/prompts/thumbnails@2x/pr_123.webp"
"pr_124","pr_124","Men in black coat","https://notesapp-ed63a.web.app/prompts/original/pr_124.webp","https://notesapp-ed63a.web.app/prompts/thumbnails/pr_124.webp","https://notesapp-ed63a.web.app/prompts/thumbnails@2x/pr_124.webp"
"pr_125","pr_125","Girl with toys","https://notesapp-ed63a.web.app/prompts/original/pr_125.webp","https://notesapp-ed63a.web.app/prompts/thumbnails/pr_125.webp","https://notesapp-ed63a.web.app/prompts/thumbnails@2x/pr_125.webp"
"pr_126","pr_126","Girl with party wear","https://notesapp-ed63a.web.app/prompts/original/pr_126.webp","https://notesapp-ed63a.web.app/prompts/thumbnails/pr_126.webp","https://notesapp-ed63a.web.app/prompts/thumbnails@2x/pr_126.webp"
"pr_127","pr_127","Bike out with Love","https://notesapp-ed63a.web.app/prompts/original/pr_127.webp","https://notesapp-ed63a.web.app/prompts/thumbnails/pr_127.webp","https://notesapp-ed63a.web.app/prompts/thumbnails@2x/pr_127.webp"
"pr_128","pr_128","Girl with Saree","https://notesapp-ed63a.web.app/prompts/original/pr_128.webp","https://notesapp-ed63a.web.app/prompts/thumbnails/pr_128.webp","https://notesapp-ed63a.web.app/prompts/thumbnails@2x/pr_128.webp"
"pr_129","pr_129","Mass sitting pose 01","https://notesapp-ed63a.web.app/prompts/original/pr_129.webp","https://notesapp-ed63a.web.app/prompts/thumbnails/pr_129.webp","https://notesapp-ed63a.web.app/prompts/thumbnails@2x/pr_129.webp"
"pr_130","pr_130","Mass iconic pose 01","https://notesapp-ed63a.web.app/prompts/original/pr_130.webp","https://notesapp-ed63a.web.app/prompts/thumbnails/pr_130.webp","https://notesapp-ed63a.web.app/prompts/thumbnails@2x/pr_130.webp"
"pr_131","pr_131","Mass sitting pose 02 (women)","https://notesapp-ed63a.web.app/prompts/original/pr_131.webp","https://notesapp-ed63a.web.app/prompts/thumbnails/pr_131.webp","https://notesapp-ed63a.web.app/prompts/thumbnails@2x/pr_131.webp"
"pr_132","pr_132","Standing out the car (men & women)","https://notesapp-ed63a.web.app/prompts/original/pr_132.webp","https://notesapp-ed63a.web.app/prompts/thumbnails/pr_132.webp","https://notesapp-ed63a.web.app/prompts/thumbnails@2x/pr_132.webp"
"pr_133","pr_133","Standing out the car part 2 (men)","https://notesapp-ed63a.web.app/prompts/original/pr_133.webp","https://notesapp-ed63a.web.app/prompts/thumbnails/pr_133.webp","https://notesapp-ed63a.web.app/prompts/thumbnails@2x/pr_133.webp"
"pr_134","pr_134","Step sitting pose","https://notesapp-ed63a.web.app/prompts/original/pr_134.webp","https://notesapp-ed63a.web.app/prompts/thumbnails/pr_134.webp","https://notesapp-ed63a.web.app/prompts/thumbnails@2x/pr_134.webp"
"pr_134","pr_134_alt","Step sitting pose","https://notesapp-ed63a.web.app/prompts/original/pr_134_alt.webp","https://notesapp-ed63a.web.app/prompts/thumbnails/pr_134_alt.webp","https://notesapp-ed63a.web.app/prompts/thumbnails@2x/pr_134_alt.webp"
"pr_135","pr_135","Girl with trending outfits #01","https://notesapp-ed63a.web.app/prompts/original/pr_135.webp","https://notesapp-ed63a.web.app/prompts/thumbnails/pr_135.webp","https://notesapp-ed63a.web.app/prompts/thumbnails@2x/pr_135.webp"
"pr_136","pr_136","Girl on trend #02","https://notesapp-ed63a.web.app/prompts/original/pr_136.webp","https://notesapp-ed63a.web.app/prompts/thumbnails/pr_136.webp","https://notesapp-ed63a.web.app/prompts/thumbnails@2x/pr_136.webp"
"pr_137","pr_137","Couple outing prompt #01","https://notesapp-ed63a.web.app/prompts/original/pr_137.webp","https://notesapp-ed63a.web.app/prompts/thumbnails/pr_137.webp","https://notesapp-ed63a.web.app/prompts/thumbnails@2x/pr_137.webp"
"pr_138","pr_138","Couple wallpaper prompt #01","https://notesapp-ed63a.web.app/prompts/original/pr_138.webp","https://notesapp-ed63a.web.app/prompts/thumbnails/pr_138.webp","https://notesapp-ed63a.web.app/prompts/thumbnails@2x/pr_138.webp"
"pr_139","pr_139","Trending Amine couples #01","https://notesapp-ed63a.web.app/prompts/original/pr_139.webp","https://notesapp-ed63a.web.app/prompts/thumbnails/pr_139.webp","https://notesapp-ed63a.web.app/prompts/thumbnails@2x/pr_139.webp"
"pr_140","pr_140","Couples selfie Trending #02","https://notesapp-ed63a.web.app/prompts/original/pr_140.webp","https://notesapp-ed63a.web.app/prompts/thumbnails/pr_140.webp","https://notesapp-ed63a.web.app/prompts/thumbnails@2x/pr_140.webp"
"pr_141","pr_141","Couple anime prompt #02","https://notesapp-ed63a.web.app/prompts/original/pr_141.webp","https://notesapp-ed63a.web.app/prompts/thumbnails/pr_141.webp","https://notesapp-ed63a.web.app/prompts/thumbnails@2x/pr_141.webp"
"pr_142","pr_142","Mirror selfie prompt #01","https://notesapp-ed63a.web.app/prompts/original/pr_142.webp","https://notesapp-ed63a.web.app/prompts/thumbnails/pr_142.webp","https://notesapp-ed63a.web.app/prompts/thumbnails@2x/pr_142.webp"
"pr_142","pr_142_alt","Mirror selfie prompt #01","https://notesapp-ed63a.web.app/prompts/original/pr_142_alt.webp","https://notesapp-ed63a.web.app/prompts/thumbnails/pr_142_alt.webp","https://notesapp-ed63a.web.app/prompts/thumbnails@2x/pr_142_alt.webp"
"pr_143","pr_143","Black and white prompt #01","https://notesapp-ed63a.web.app/prompts/original/pr_143.webp","https://notesapp-ed63a.web.app/prompts/thumbnails/pr_143.webp","https://notesapp-ed63a.web.app/prompts/thumbnails@2x/pr_143.webp"
"pr_144","pr_144","Independence day baby prompt #01","https://notesapp-ed63a.web.app/prompts/original/pr_144.webp","https://notesapp-ed63a.web.app/prompts/thumbnails/pr_144.webp","https://notesapp-ed63a.web.app/prompts/thumbnails@2x/pr_144.webp"
"pr_145","pr_145","Independence day baby prompt #02","https://notesapp-ed63a.web.app/prompts/original/pr_145.webp","https://notesapp-ed63a.web.app/prompts/thumbnails/pr_145.webp","https://notesapp-ed63a.web.app/prompts/thumbnails@2x/pr_145.webp"
"pr_146","pr_146","Walking street around birds","https://notesapp-ed63a.web.app/prompts/original/pr_146.webp","https://notesapp-ed63a.web.app/prompts/thumbnails/pr_146.webp","https://notesapp-ed63a.web.app/prompts/thumbnails@2x/pr_146.webp"
"pr_147","pr_147","Independence day prompt #03","https://notesapp-ed63a.web.app/prompts/original/pr_147.webp","https://notesapp-ed63a.web.app/prompts/thumbnails/pr_147.webp","https://notesapp-ed63a.web.app/prompts/thumbnails@2x/pr_147.webp"
"pr_148","pr_148","Independence day prompt #04","https://notesapp-ed63a.web.app/prompts/original/pr_148.webp","https://notesapp-ed63a.web.app/prompts/thumbnails/pr_148.webp","https://notesapp-ed63a.web.app/prompts/thumbnails@2x/pr_148.webp"
"pr_149","pr_149","Karate prompts","https://notesapp-ed63a.web.app/prompts/original/pr_149.webp","https://notesapp-ed63a.web.app/prompts/thumbnails/pr_149.webp","https://notesapp-ed63a.web.app/prompts/thumbnails@2x/pr_149.webp"
"pr_150","pr_150","Girl with standing pose #02","https://notesapp-ed63a.web.app/prompts/original/pr_150.webp","https://notesapp-ed63a.web.app/prompts/thumbnails/pr_150.webp","https://notesapp-ed63a.web.app/prompts/thumbnails@2x/pr_150.webp"
"pr_151","pr_151","Mirror selfie for mens #02","https://notesapp-ed63a.web.app/prompts/original/pr_151.webp","https://notesapp-ed63a.web.app/prompts/thumbnails/pr_151.webp","https://notesapp-ed63a.web.app/prompts/thumbnails@2x/pr_151.webp"
"pr_152","pr_152","Baby prompt #02","https://notesapp-ed63a.web.app/prompts/original/pr_152.webp","https://notesapp-ed63a.web.app/prompts/thumbnails/pr_152.webp","https://notesapp-ed63a.web.app/prompts/thumbnails@2x/pr_152.webp"
"pr_153","pr_153","Couple photo shoots #02","https://notesapp-ed63a.web.app/prompts/original/pr_153.webp","https://notesapp-ed63a.web.app/prompts/thumbnails/pr_153.webp","https://notesapp-ed63a.web.app/prompts/thumbnails@2x/pr_153.webp"
"pr_154","pr_154","Couple with toys around","https://notesapp-ed63a.web.app/prompts/original/pr_154.webp","https://notesapp-ed63a.web.app/prompts/thumbnails/pr_154.webp","https://notesapp-ed63a.web.app/prompts/thumbnails@2x/pr_154.webp"
"pr_155","pr_155","Girl taking photo trending style","https://notesapp-ed63a.web.app/prompts/original/pr_155.webp","https://notesapp-ed63a.web.app/prompts/thumbnails/pr_155.webp","https://notesapp-ed63a.web.app/prompts/thumbnails@2x/pr_155.webp"
"pr_156","pr_156","Men with rose 🌹💐","https://notesapp-ed63a.web.app/prompts/original/pr_156.webp","https://notesapp-ed63a.web.app/prompts/thumbnails/pr_156.webp","https://notesapp-ed63a.web.app/prompts/thumbnails@2x/pr_156.webp"
"pr_157","pr_157","Village life with animals","https://notesapp-ed63a.web.app/prompts/original/pr_157.webp","https://notesapp-ed63a.web.app/prompts/thumbnails/pr_157.webp","https://notesapp-ed63a.web.app/prompts/thumbnails@2x/pr_157.webp"
"pr_158","pr_158","Marriage prompts #02","https://notesapp-ed63a.web.app/prompts/original/pr_158.webp","https://notesapp-ed63a.web.app/prompts/thumbnails/pr_158.webp","https://notesapp-ed63a.web.app/prompts/thumbnails@2x/pr_158.webp"
"pr_159","pr_159","Stylish prompt for men #03","https://notesapp-ed63a.web.app/prompts/original/pr_159.webp","https://notesapp-ed63a.web.app/prompts/thumbnails/pr_159.webp","https://notesapp-ed63a.web.app/prompts/thumbnails@2x/pr_159.webp"
"pr_160","pr_160","Couple Prompts #03","https://notesapp-ed63a.web.app/prompts/original/pr_160.webp","https://notesapp-ed63a.web.app/prompts/thumbnails/pr_160.webp","https://notesapp-ed63a.web.app/prompts/thumbnails@2x/pr_160.webp"
"pr_161","pr_161","Girls in jeans trend","https://notesapp-ed63a.web.app/prompts/original/pr_161.webp","https://notesapp-ed63a.web.app/prompts/thumbnails/pr_161.webp","https://notesapp-ed63a.web.app/prompts/thumbnails@2x/pr_161.webp"
"pr_162","pr_162","Golden traditional saree pose","https://notesapp-ed63a.web.app/prompts/original/pr_162.webp","https://notesapp-ed63a.web.app/prompts/thumbnails/pr_162.webp","https://notesapp-ed63a.web.app/prompts/thumbnails@2x/pr_162.webp"
"pr_163","pr_163","Traditional kerala saree pose","https://notesapp-ed63a.web.app/prompts/original/pr_163.webp","https://notesapp-ed63a.web.app/prompts/thumbnails/pr_163.webp","https://notesapp-ed63a.web.app/prompts/thumbnails@2x/pr_163.webp"
"pr_164","pr_164","Cafe posing prompts men","https://notesapp-ed63a.web.app/prompts/original/pr_164.webp","https://notesapp-ed63a.web.app/prompts/thumbnails/pr_164.webp","https://notesapp-ed63a.web.app/prompts/thumbnails@2x/pr_164.webp"
"pr_165","pr_165","Onam prompts #01","https://notesapp-ed63a.web.app/prompts/original/pr_165.webp","https://notesapp-ed63a.web.app/prompts/thumbnails/pr_165.webp","https://notesapp-ed63a.web.app/prompts/thumbnails@2x/pr_165.webp"
"pr_166","pr_166","Onam prompt women #02","https://notesapp-ed63a.web.app/prompts/original/pr_166.webp","https://notesapp-ed63a.web.app/prompts/thumbnails/pr_166.webp","https://notesapp-ed63a.web.app/prompts/thumbnails@2x/pr_166.webp"
"pr_167","pr_167","Onam men prompts #03","https://notesapp-ed63a.web.app/prompts/original/pr_167.webp","https://notesapp-ed63a.web.app/prompts/thumbnails/pr_167.webp","https://notesapp-ed63a.web.app/prompts/thumbnails@2x/pr_167.webp"
"pr_168","pr_168","Butterfly effect in wall","https://notesapp-ed63a.web.app/prompts/original/pr_168.webp","https://notesapp-ed63a.web.app/prompts/thumbnails/pr_168.webp","https://notesapp-ed63a.web.app/prompts/thumbnails@2x/pr_168.webp"
"pr_169","pr_169","Mirror couple selfie #02","https://notesapp-ed63a.web.app/prompts/original/pr_169.webp","https://notesapp-ed63a.web.app/prompts/thumbnails/pr_169.webp","https://notesapp-ed63a.web.app/prompts/thumbnails@2x/pr_169.webp"
"pr_170","pr_170","Photoshoot glowing lights","https://notesapp-ed63a.web.app/prompts/original/pr_170.webp","https://notesapp-ed63a.web.app/prompts/thumbnails/pr_170.webp","https://notesapp-ed63a.web.app/prompts/thumbnails@2x/pr_170.webp"
"pr_171","pr_171","Wedding photoshoot","https://notesapp-ed63a.web.app/prompts/original/pr_171.webp","https://notesapp-ed63a.web.app/prompts/thumbnails/pr_171.webp","https://notesapp-ed63a.web.app/prompts/thumbnails@2x/pr_171.webp"
"pr_172","pr_172","Image enhancement prompt","https://notesapp-ed63a.web.app/prompts/original/pr_172.webp","https://notesapp-ed63a.web.app/prompts/thumbnails/pr_172.webp","https://notesapp-ed63a.web.app/prompts/thumbnails@2x/pr_172.webp"
"pr_172","pr_172_before","Image enhancement prompt","https://notesapp-ed63a.web.app/prompts/original/pr_172_before.webp","https://notesapp-ed63a.web.app/prompts/thumbnails/pr_172_before.webp","https://notesapp-ed63a.web.app/prompts/thumbnails@2x/pr_172_before.webp"
"pr_173","pr_173","Krishna prompt babies #01","https://notesapp-ed63a.web.app/prompts/original/pr_173.webp","https://notesapp-ed63a.web.app/prompts/thumbnails/pr_173.webp","https://notesapp-ed63a.web.app/prompts/thumbnails@2x/pr_173.webp"
"pr_174","pr_174","Girl with heart symbol prompt","https://notesapp-ed63a.web.app/prompts/original/pr_174.webp","https://notesapp-ed63a.web.app/prompts/thumbnails/pr_174.webp","https://notesapp-ed63a.web.app/prompts/thumbnails@2x/pr_174.webp"
"pr_175","pr_175","Krishna jayanthi prompt #02","https://notesapp-ed63a.web.app/prompts/original/pr_175.webp","https://notesapp-ed63a.web.app/prompts/thumbnails/pr_175.webp","https://notesapp-ed63a.web.app/prompts/thumbnails@2x/pr_175.webp"
"pr_176","pr_176","Krishna jayanti prompt #03","https://notesapp-ed63a.web.app/prompts/original/pr_176.webp","https://notesapp-ed63a.web.app/prompts/thumbnails/pr_176.webp","https://notesapp-ed63a.web.app/prompts/thumbnails@2x/pr_176.webp"
"pr_177","pr_177","Temple krishna jayanthi prompt #04","https://notesapp-ed63a.web.app/prompts/original/pr_177.webp","https://notesapp-ed63a.web.app/prompts/thumbnails/pr_177.webp","https://notesapp-ed63a.web.app/prompts/thumbnails@2x/pr_177.webp"
"pr_178","pr_178","Krishna jayanti couple #04","https://notesapp-ed63a.web.app/prompts/original/pr_178.webp","https://notesapp-ed63a.web.app/prompts/thumbnails/pr_178.webp","https://notesapp-ed63a.web.app/prompts/thumbnails@2x/pr_178.webp"
"pr_179","pr_179","Radhey prompt #05","https://notesapp-ed63a.web.app/prompts/original/pr_179.webp","https://notesapp-ed63a.web.app/prompts/thumbnails/pr_179.webp","https://notesapp-ed63a.web.app/prompts/thumbnails@2x/pr_179.webp"
"pr_180","pr_180","Girl with roses","https://notesapp-ed63a.web.app/prompts/original/pr_180.webp","https://notesapp-ed63a.web.app/prompts/thumbnails/pr_180.webp","https://notesapp-ed63a.web.app/prompts/thumbnails@2x/pr_180.webp"
"pr_181","pr_181","Babies with mass poses prompts","https://notesapp-ed63a.web.app/prompts/original/pr_181.webp","https://notesapp-ed63a.web.app/prompts/thumbnails/pr_181.webp","https://notesapp-ed63a.web.app/prompts/thumbnails@2x/pr_181.webp"
"pr_182","pr_182","Girl with ping saree","https://notesapp-ed63a.web.app/prompts/original/pr_182.webp","https://notesapp-ed63a.web.app/prompts/thumbnails/pr_182.webp","https://notesapp-ed63a.web.app/prompts/thumbnails@2x/pr_182.webp"
"pr_183","pr_183","Girl with Yellow saree","https://notesapp-ed63a.web.app/prompts/original/pr_183.webp","https://notesapp-ed63a.web.app/prompts/thumbnails/pr_183.webp","https://notesapp-ed63a.web.app/prompts/thumbnails@2x/pr_183.webp"
"pr_184","pr_184","Wallpaper for phone #02","https://notesapp-ed63a.web.app/prompts/original/pr_184.webp","https://notesapp-ed63a.web.app/prompts/thumbnails/pr_184.webp","https://notesapp-ed63a.web.app/prompts/thumbnails@2x/pr_184.webp"
"pr_185","pr_185","Teddy bear toy with girl","https://notesapp-ed63a.web.app/prompts/original/pr_185.webp","https://notesapp-ed63a.web.app/prompts/thumbnails/pr_185.webp","https://notesapp-ed63a.web.app/prompts/thumbnails@2x/pr_185.webp"
"pr_186","pr_186","Vinayaga pooja prompt for women #01","https://notesapp-ed63a.web.app/prompts/original/pr_186.webp","https://notesapp-ed63a.web.app/prompts/thumbnails/pr_186.webp","https://notesapp-ed63a.web.app/prompts/thumbnails@2x/pr_186.webp"
"pr_187","pr_187","Vinayaga pooja prompt girl #02","https://notesapp-ed63a.web.app/prompts/original/pr_187.webp","https://notesapp-ed63a.web.app/prompts/thumbnails/pr_187.webp","https://notesapp-ed63a.web.app/prompts/thumbnails@2x/pr_187.webp"
"pr_188","pr_188","Vinayaga pooja prompt girl #03","https://notesapp-ed63a.web.app/prompts/original/pr_188.webp","https://notesapp-ed63a.web.app/prompts/thumbnails/pr_188.webp","https://notesapp-ed63a.web.app/prompts/thumbnails@2x/pr_188.webp"
"pr_189","pr_189","Top poses of unisex prompt","https://notesapp-ed63a.web.app/prompts/original/pr_189.webp","https://notesapp-ed63a.web.app/prompts/thumbnails/pr_189.webp","https://notesapp-ed63a.web.app/prompts/thumbnails@2x/pr_189.webp"
"pr_189","pr_189_alt","Top poses of unisex prompt","https://notesapp-ed63a.web.app/prompts/original/pr_189_alt.webp","https://notesapp-ed63a.web.app/prompts/thumbnails/pr_189_alt.webp","https://notesapp-ed63a.web.app/prompts/thumbnails@2x/pr_189_alt.webp"
"pr_190","pr_190","90s trends #01","https://notesapp-ed63a.web.app/prompts/original/pr_190.webp","https://notesapp-ed63a.web.app/prompts/thumbnails/pr_190.webp","https://notesapp-ed63a.web.app/prompts/thumbnails@2x/pr_190.webp"
"pr_191","pr_191","90s couple prompts #02","https://notesapp-ed63a.web.app/prompts/original/pr_191.webp","https://notesapp-ed63a.web.app/prompts/thumbnails/pr_191.webp","https://notesapp-ed63a.web.app/prompts/thumbnails@2x/pr_191.webp"
"pr_192","pr_192","80s trend #01","https://notesapp-ed63a.web.app/prompts/original/pr_192.webp","https://notesapp-ed63a.web.app/prompts/thumbnails/pr_192.webp","https://notesapp-ed63a.web.app/prompts/thumbnails@2x/pr_192.webp"
"pr_193","pr_193","80s trend #02","https://notesapp-ed63a.web.app/prompts/original/pr_193.webp","https://notesapp-ed63a.web.app/prompts/thumbnails/pr_193.webp","https://notesapp-ed63a.web.app/prompts/thumbnails@2x/pr_193.webp"
"pr_194","pr_194","89s trend #03","https://notesapp-ed63a.web.app/prompts/original/pr_194.webp","https://notesapp-ed63a.web.app/prompts/thumbnails/pr_194.webp","https://notesapp-ed63a.web.app/prompts/thumbnails@2x/pr_194.webp"
"pr_195","pr_195","80s trend #03","https://notesapp-ed63a.web.app/prompts/original/pr_195.webp","https://notesapp-ed63a.web.app/prompts/thumbnails/pr_195.webp","https://notesapp-ed63a.web.app/prompts/thumbnails@2x/pr_195.webp"
"pr_196","pr_196","80s Trend #04","https://notesapp-ed63a.web.app/prompts/original/pr_196.webp","https://notesapp-ed63a.web.app/prompts/thumbnails/pr_196.webp","https://notesapp-ed63a.web.app/prompts/thumbnails@2x/pr_196.webp"
"pr_197","pr_197","80s trend #05","https://notesapp-ed63a.web.app/prompts/original/pr_197.webp","https://notesapp-ed63a.web.app/prompts/thumbnails/pr_197.webp","https://notesapp-ed63a.web.app/prompts/thumbnails@2x/pr_197.webp"
